27189,
3,
13,
14,
13,
14,
41,
17,
15,
14,
15,
12,
18,
20,
27,
13,
15,
25346,
13,
13,
12,
13,
15,
23,
13,
14,
24,
26,
15,
14,
15,
17,
14,
24,
21361,
13,
14,
12,
13,
13,
12,
15,
21,
19,
27,
14,
14,
14,
26,
17,
14,
15,
31600,
13,
13,
13,
27,
21,
13,
14,
13,
14,
41,
13,
18,
14,
14,
13,
12,
12,
21628,
13,
15,
12,
13,
13,
13,
17,
12,
21,
33,
23,
12,
25,
13,
13,
13,
15,
22380,
15,
13,
21,
13,
23,
14,
14,
14,
14,
13,
15,
13,
13,
14,
13,
12,
22,
24897,
12,
18,
13,
15,
14,
17,
15,
13,
25,
14,
15,
15,
18,
12,
13,
13,
13,
24010,
14,
12,
13,
12,
13,
16,
12,
13,
14,
25,
23,
14,
13,
12,
22,
13,
12,
12,
24010,
13,
21,
13,
13,
14,
33,
12,
22,
30,
25,
24,
14,
13,
27,
13,
13,
13,
34629,
13,
14,
27,
13,
12,
14,
13,
13,
13,
13,
33,
12,
13,
12,
13,
13,
12,
22715,
13,
14,
21,
31,
16,
27,
13,
26,
13,
13,
13,
14,
15,
15,
13,
14,
13,
13,
32756,
17,
15,
12,
13,
14,
24,
13,
17,
15,
15,
25,
13,
12,
13,
23,
13,
14,
23635,
26,
13,
21,
15,
13,
14,
15,
15,
15,
20,
13,
13,
22,
29,
14,
31,
13,
13,
47391,
13,
15,
30,
14,
14,
14,
26,
14,
41,
15,
15,
15,
15,
15,
13,
13,
24,
23546,
15,
15,
13,
21,
12,
13,
13,
22,
13,
21,
13,
15,
13,
13,
24,
23,
13,
13,
27803,
13,
12,
15,
14,
23,
23,
14,
13,
15,
27,
15,
16,
44,
13,
13,
13,
15,
15,
22445,
14,
16,
15,
26,
21,
13,
13,
15,
13,
27,
13,
22,
13,
13,
13,
13,
13,
23,
22450,
13,
13,
13,
13,
13,
14,
14,
13,
27,
15,
26,
15,
13,
15,
13,
30,
13,
15,
27,
25350,
14,
13,
15,
14,
15,
15,
15,
18,
29,
28,
23,
25,
13,
18,
26,
13,
14,
24134,
13,
13,
13,
12,
16,
13,
13,
13,
25,
15,
15,
20,
14,
15,
17,
13,
29,
15,
21408,
15,
14,
14,
15,
15,
16,
15,
23,
15,
15,
16,
15,
16,
16,
15,
14,
13,
15,
15,
21978,
15,
13,
13,
13,
13,
13,
15,
15,
14,
14,
19,
21,
15,
43,
24,
14,
28,
16,
13,
28738,
29,
14,
13,
19,
49,
14,
15,
24,
15,
15,
22,
17,
15,
27,
15,
27224,
27,
15,
27,
15,
15,
15,
15,
15,
15,
39,
20,
15,
26,
15,
15,
15,
22396,
15,
14,
15,
15,
13,
15,
15,
15,
15,
27,
23,
27,
24,
14,
15,
29,
14,
21982,
14,
14,
14,
15,
15,
16,
30,
27,
29,
37,
15,
21,
15,
20,
26,
19,
15,
23038,
27,
14,
15,
22,
15,
15,
14,
25,
24,
24,
15,
15,
18,
56,
14,
22,
29,
14,
21913,
15,
13,
23,
13,
15,
15,
15,
14,
15,
14,
15,
15,
15,
27,
14,
16,
15,
15,
15,
16,
30363,
13,
15,
27,
15,
16,
15,
12,
15,
24,
15,
24,
28,
26,
24,
13,
14,
14,
15,
14,
25644,
14,
13,
15,
14,
13,
33,
15,
14,
19,
13,
15,
15,
26,
15,
15,
14,
18,
13,
26,
14,
22410,
30,
20,
15,
13,
14,
15,
17,
15,
13,
29,
29,
28,
15,
15,
26,
14,
14,
15,
25589,
14,
17,
32,
15,
21,
14,
13,
26,
15,
24,
15,
15,
15,
22,
28,
13,
24,
15,
13,
23,
21875,
14,
26,
13,
27,
15,
26,
14,
19,
15,
15,
27,
15,
21,
22,
13,
16,
15,
13,
15,
26043,
14,
15,
24,
23,
14,
13,
15,
15,
15,
21,
15,
15,
15,
27,
15,
15,
15,
15,
13,
15,
22238,
15,
16,
15,
24,
16,
15,
13,
23,
15,
14,
15,
32,
18,
23,
16,
27,
26,
15,
15,
21872,
15,
13,
15,
19,
13,
14,
15,
15,
16,
15,
23,
15,
20,
15,
24,
14,
15,
15,
15,
71,
15,
22810,
15,
28,
16,
15,
20,
15,
35,
24,
15,
15,
26,
15,
15,
20,
15,
27,
38,
17,
21588,
14,
13,
24,
14,
14,
18,
15,
15,
15,
27,
15,
15,
26,
29,
15,
24,
15,
38,
15,
15,
15,
24812,
16,
13,
15,
15,
27,
27,
27,
29,
31,
15,
26,
15,
15,
15,
27,
35,
15,
16,
27,
21652,
16,
13,
15,
15,
15,
14,
15,
15,
15,
15,
18,
28,
14,
15,
24,
15,
21,
15,
15,
15,
15,
27403,
15,
14,
15,
14,
15,
15,
16,
33,
27,
27,
15,
24,
14,
21,
15,
15,
22,
30,
15,
19,
22107,
14,
15,
15,
15,
15,
15,
27,
26,
15,
15,
15,
24,
14,
24,
15,
15,
15,
18,
28,
15,
21967,
13,
15,
26,
15,
24,
14,
15,
39,
15,
15,
25,
14,
14,
15,
16,
15,
32,
29,
15,
14,
21741,
13,
13,
13,
24,
13,
15,
15,
27,
24,
14,
15,
15,
13,
27,
19,
22,
20,
15,
13,
15,
27,
34005,
14,
16,
24,
17,
15,
28,
16,
26,
16,
14,
16,
42,
16,
19,
15,
16,
16,
27,
14,
18,
21546,
22,
15,
14,
15,
15,
30,
15,
15,
34,
25,
33,
26,
33,
44,
27,
15,
15,
16,
24,
25,
33586,
15,
28,
35,
26,
16,
16,
15,
15,
16,
16,
16,
25,
21,
26,
15,
27,
23,
15,
15,
26301,
15,
14,
17,
14,
22,
20,
14,
14,
15,
15,
15,
15,
15,
23,
14,
16,
15,
33,
15,
27,
33,
16,
22031,
14,
27,
32,
15,
29,
29,
15,
18,
16,
15,
16,
26,
38,
25,
25,
19,
15,
25,
15,
15,
28,
22628,
12,
27,
16,
14,
15,
15,
16,
14,
15,
14,
17,
16,
22,
28,
15,
24,
15,
29,
16,
16,
16,
16,
22384,
15,
28,
15,
15,
17,
16,
16,
18,
16,
16,
26,
25,
28,
16,
16,
16,
16,
36,
16,
15,
14,
21788,
13,
30,
19,
15,
21,
13,
27,
28,
14,
24,
24,
23,
27,
16,
14,
15,
26,
16,
16,
18,
16,
16,
21861,
14,
16,
25,
17,
15,
15,
16,
27,
16,
16,
25,
24,
18,
26,
15,
16,
17,
35,
29,
16,
33,
21616,
14,
16,
28,
27,
16,
16,
38,
16,
16,
15,
16,
15,
19,
42,
44,
33,
32,
42,
44,
33,
33,
21612,
24,
32,
47,
48,
42,
33,
32,
45,
44,
32,
44,
33,
35,
42,
49,
32,
44,
41,
33,
41,
22392,
27,
45,
105,
50,
31,
32,
31,
41,
30,
32,
31,
31,
32,
45,
42,
38,
42,
39,
32,
42,
22368,
27,
31,
47,
31,
44,
32,
52,
31,
46,
31,
38,
32,
30,
30,
40,
49,
32,
32,
34,
31,
42,
21300,
24,
32,
44,
31,
45,
62,
42,
33,
45,
65,
32,
30,
32,
32,
45,
42,
45,
34,
34,
45,
35,
25858,
48,
44,
31,
82,
42,
31,
45,
32,
47,
61,
44,
51,
44,
32,
42,
49,
42,
32,
45,
32,
45,
37739,
41,
31,
44,
32,
45,
33,
43,
31,
48,
32,
47,
32,
46,
43,
42,
32,
46,
33,
42,
30,
44,
31,
34665,
41,
47,
30,
39,
32,
64,
32,
42,
31,
38,
30,
43,
32,
31,
31,
41,
30,
44,
30,
42,
32,
42,
32586,
57,
32,
44,
29,
38,
47,
42,
31,
44,
31,
36,
32,
41,
38,
44,
32,
42,
44,
41,
31,
45,
30,
33594,
32,
74,
30,
30,
30,
41,
30,
33,
31,
38,
37,
32,
30,
45,
49,
42,
31,
44,
32,
45,
30,
42,
26538,
51,
32,
39,
38,
51,
26780,
3,
13,
14,
15,
25,
14,
13,
14,
15,
13,
15,
14,
15,
15,
29715,
13,
15,
13,
14,
13,
13,
14,
13,
13,
15,
14,
15,
15,
13,
24,
13,
29334,
15,
13,
13,
13,
12,
31,
18,
15,
15,
38,
22,
16,
15,
14,
32052,
15,
14,
15,
14,
14,
12,
16,
13,
14,
15,
12,
12,
13,
13,
39372,
13,
13,
13,
23,
14,
13,
12,
12,
24,
15,
14,
14,
15,
20,
15,
46571,
15,
14,
15,
14,
29,
14,
25,
13,
13,
15,
13,
34,
13,
19,
15,
49049,
13,
13,
13,
13,
14,
36,
35,
13,
15,
13,
15,
14,
34,
15,
22,
15,
29068,
14,
13,
13,
12,
23,
27,
14,
14,
12,
18,
13,
13,
13,
15,
13,
18,
22731,
16,
14,
12,
14,
21,
17,
22,
14,
15,
15,
13,
15,
23,
14,
14,
21,
30744,
13,
16,
24,
15,
20,
15,
14,
24,
25,
28,
26,
25,
35960,
25,
14,
25,
15,
28,
18,
25,
24,
15,
15,
26,
28781,
26,
22,
24,
27,
15,
15,
27,
24,
14,
15,
15,
26,
62050,
15,
15,
15,
26,
27,
13,
15,
14,
24,
26,
14,
47395,
13,
14,
15,
15,
26,
15,
15,
15,
15,
26,
15,
16,
34204,
15,
15,
26,
13,
13,
24,
24,
16,
22,
16,
14,
46781,
15,
13,
15,
27,
24,
16,
24,
26,
16,
16,
29,
42156,
15,
15,
25,
24,
25,
15,
27,
22,
14,
13,
13,
25607,
22,
15,
15,
24,
15,
24,
15,
15,
28,
15,
24,
16,
16,
17,
34644,
30,
15,
35,
24,
24,
15,
16,
15,
15,
13,
15,
14,
15,
26,
33946,
12,
13,
21,
23,
15,
28,
16,
15,
15,
20,
22,
14,
15,
24,
15,
13,
40565,
14,
15,
15,
23,
15,
25,
14,
15,
15,
15,
16,
15,
16,
16,
16,
15,
15,
22152,
15,
13,
21,
14,
15,
22,
14,
15,
13,
15,
15,
15,
69,
13,
15,
18,
15,
34209,
17,
15,
13,
15,
37,
15,
14,
16,
13,
15,
23,
14,
15,
23,
15,
13,
16,
26344,
27,
15,
21,
28,
23,
14,
13,
13,
15,
15,
17,
13,
15,
13,
25,
15,
15,
29386,
15,
29,
24,
15,
23,
15,
15,
15,
14,
24,
30,
16,
15,
33,
15,
15,
33208,
14,
15,
14,
25,
22,
15,
15,
14,
14,
15,
15,
14,
15,
24,
16,
15,
16,
35873,
23,
27,
15,
16,
15,
24,
14,
19,
15,
15,
15,
14,
15,
15,
15,
15,
32037,
15,
15,
13,
13,
13,
15,
25,
14,
13,
21,
16,
14,
35,
14,
16,
15,
15,
15,
34354,
17,
15,
24,
15,
15,
15,
14,
16,
13,
15,
15,
14,
13,
31,
15,
28,
14,
25355,
14,
14,
16,
26,
29,
28,
27,
25,
15,
15,
32,
15,
24,
15,
34,
25409,
15,
16,
51,
13,
16,
30,
16,
27,
15,
15,
15,
29,
15,
15,
15,
15,
15,
22763,
15,
15,
15,
14,
41,
16,
15,
15,
14,
14,
14,
15,
15,
14,
15,
15,
15,
15,
26059,
45,
13,
26,
14,
15,
23,
15,
15,
14,
16,
16,
15,
28,
15,
15,
15,
15,
22929,
14,
13,
16,
15,
15,
15,
16,
24,
16,
28,
13,
15,
15,
15,
14,
16,
53,
15,
21965,
16,
50,
21,
37,
30,
15,
15,
25,
15,
15,
14,
33,
22,
15,
15,
15,
27,
23602,
15,
16,
13,
15,
33,
15,
15,
15,
15,
15,
15,
13,
15,
15,
15,
15,
15,
27,
15,
39173,
24,
18,
25,
24,
15,
14,
30,
15,
15,
14,
25,
54,
30,
27,
15,
15,
16,
32732,
18,
24,
15,
16,
26,
22,
22,
15,
27,
24,
15,
14,
15,
27,
16,
54,
27,
15,
38375,
14,
28,
23,
15,
16,
15,
28,
15,
15,
15,
14,
15,
15,
15,
27,
15,
29,
28698,
21,
15,
24,
15,
15,
14,
16,
16,
15,
27,
16,
15,
16,
27,
15,
32,
16,
15,
22,
27950,
19,
14,
14,
16,
15,
15,
15,
16,
21,
21,
14,
15,
16,
15,
16,
15,
24,
15,
18,
25439,
16,
13,
14,
15,
16,
15,
32,
16,
15,
19,
14,
15,
15,
18,
15,
15,
15,
24,
15,
22830,
24,
15,
16,
29,
15,
16,
16,
16,
15,
33,
23,
14,
15,
24,
16,
15,
16,
16,
15,
22761,
13,
13,
22,
14,
27,
13,
32,
17,
17,
23,
16,
15,
14,
29,
26,
28,
15,
15,
21813,
32,
13,
14,
15,
15,
18,
15,
15,
15,
16,
14,
15,
14,
15,
37,
18,
15,
16,
15,
18,
24733,
12,
19,
13,
24,
39,
19,
30,
16,
15,
26,
15,
31,
86,
15,
24,
15,
15,
26,
23403,
15,
13,
15,
16,
27,
41,
15,
31,
20,
14,
28,
16,
16,
21,
13,
27,
16,
15,
21941,
15,
15,
15,
24,
15,
26,
15,
15,
26,
14,
17,
15,
15,
16,
32,
16,
16,
28,
16,
22322,
16,
16,
16,
16,
38,
16,
16,
32,
15,
15,
16,
16,
16,
36,
28,
16,
17,
21,
22732,
14,
15,
15,
15,
26,
15,
16,
24,
15,
15,
33,
27,
27,
15,
30,
17,
15,
16,
15,
22742,
15,
16,
16,
16,
27,
15,
15,
16,
15,
16,
16,
16,
17,
26,
20,
24,
16,
19,
41,
24,
24362,
15,
16,
18,
15,
15,
15,
16,
14,
14,
35,
28,
31,
19,
15,
16,
41,
15,
25,
15,
35557,
15,
16,
16,
16,
16,
16,
23,
15,
16,
16,
16,
27,
16,
25,
17,
17,
16,
16,
16,
16,
22354,
15,
17,
17,
16,
36,
16,
16,
16,
16,
28,
16,
25,
16,
16,
20,
15,
20,
31,
17,
27527,
27,
32,
33,
32,
45,
32,
39,
58,
33,
30,
62,
31,
47,
32,
41,
44,
42,
30,
57,
22190,
26,
33,
48,
36,
33,
42,
150,
31,
56,
32,
37,
54,
32,
43,
31,
33,
30,
32,
31,
32,
27052,
28,
40,
32,
32,
44,
32,
33,
34,
48,
32,
43,
30,
42,
62,
32,
32,
30,
32,
30,
33,
31760,
26,
31,
41,
99,
31,
32,
33,
44,
60,
45,
38,
36,
32,
30,
41,
32,
31,
32,
30,
51,
33719,
30,
30,
30,
32,
32,
33,
42,
32,
32,
35,
31,
44,
43,
32,
33,
34,
28,
26,
29,
28151,
28,
33,
34,
34,
40,
30,
35,
44,
41,
33,
81,
30,
35,
33,
33,
35,
33,
41,
32,
25887,
45,
33,
42,
35,
33,
49,
32,
35,
38,
44,
31,
45,
31,
32,
30,
33,
35,
32,
31,
26743,
32,
32,
37,
34,
31,
33,
43,
49,
33,
42,
39,
41,
33,
33,
31,
32,
32,
34,
42,
29260,
51,
42,
34,
40,
44,
43,
50,
30,
53,
66,
32,
41,
31,
31,
33,
32,
31,
44,
48,
25297,
47,
32,
30,
32,
34,
45,
33,
42,
47,
49,
30920,
6,
4,
13,
14,
15,
13,
13,
12,
15,
13,
13,
15,
22,
27,
37,
13,
32495,
13,
15,
14,
26,
24,
14,
15,
14,
14,
14,
12,
13,
24,
13,
24,
15,
21,
27,
31447,
13,
15,
12,
24,
12,
32,
15,
17,
23,
15,
18,
13,
15,
24,
14,
19,
14,
31601,
15,
13,
22,
15,
16,
15,
14,
26,
26,
12,
13,
13,
13,
13,
15,
33,
25,
15,
31074,
12,
12,
15,
13,
13,
12,
13,
13,
13,
13,
30,
12,
22,
13,
27,
30,
22,
15,
33749,
15,
13,
12,
18,
12,
18,
21,
17,
35,
13,
15,
13,
33,
28,
15,
15,
13,
29,
30552,
13,
13,
14,
15,
21,
12,
13,
32,
13,
13,
13,
13,
13,
26,
43,
27,
15,
31316,
13,
13,
12,
15,
12,
30,
30,
13,
25,
13,
13,
13,
15,
27,
15,
15,
14,
13,
23810,
13,
13,
15,
13,
14,
13,
14,
14,
13,
12,
13,
14,
14,
24,
19,
15,
13,
13,
22155,
31,
12,
13,
15,
13,
14,
13,
13,
15,
13,
13,
15,
24,
14,
13,
14,
16,
12,
30021,
13,
32,
13,
12,
17,
24,
26,
31,
21,
15,
13,
13,
33,
39,
14,
12,
13,
22471,
28,
13,
13,
13,
16,
16,
15,
12,
14,
13,
13,
14,
24,
40,
13,
13,
13,
22888,
15,
13,
12,
13,
13,
15,
13,
16,
14,
14,
15,
13,
28,
15,
16,
13,
14,
13,
15,
21167,
13,
13,
14,
14,
15,
15,
15,
38,
25,
15,
23,
18,
26,
28,
34,
14,
15,
26,
24755,
13,
14,
14,
14,
20,
13,
19,
36,
13,
15,
12,
28,
13,
15,
19,
14,
12,
15,
13,
23292,
15,
13,
13,
12,
12,
19,
15,
15,
14,
23,
24,
14,
37,
14,
21,
13,
15,
14,
22093,
16,
13,
13,
15,
14,
13,
14,
25,
26,
15,
13,
15,
14,
13,
13,
16,
14,
13,
14,
24916,
14,
16,
14,
15,
13,
13,
19,
16,
25,
26,
24,
17,
21,
15,
15,
13,
19,
15,
21392,
15,
24,
15,
26,
13,
15,
14,
17,
26,
15,
16,
15,
14,
14,
14,
13,
13,
12,
25133,
14,
12,
18,
74,
25,
15,
15,
13,
15,
27,
15,
15,
15,
14,
15,
22,
14,
29,
20,
23921,
13,
15,
15,
15,
14,
24,
25,
16,
15,
29,
16,
15,
29,
16,
27,
14,
15,
14,
15,
21825,
14,
15,
14,
19,
13,
25,
15,
14,
15,
23,
14,
15,
26,
14,
20,
19,
15,
15,
25,
24921,
13,
14,
13,
29,
17,
25,
30,
15,
13,
13,
14,
14,
26,
15,
15,
15,
14,
29,
15,
21544,
26,
53,
15,
15,
36,
15,
15,
15,
15,
21,
14,
26,
21,
15,
26,
14,
15,
18,
14,
28,
27785,
15,
27,
15,
19,
16,
13,
18,
15,
14,
14,
24,
28,
14,
15,
15,
24,
25,
15,
15,
21937,
15,
15,
15,
15,
16,
13,
14,
16,
26,
15,
13,
15,
14,
33,
38,
13,
15,
15,
15,
15,
21847,
14,
14,
15,
15,
15,
15,
14,
15,
20,
15,
26,
15,
24,
14,
15,
16,
15,
15,
25526,
13,
15,
15,
15,
14,
13,
13,
13,
13,
13,
25,
13,
15,
16,
14,
16,
16,
33,
24,
15,
22239,
15,
14,
15,
26,
23,
21,
15,
13,
15,
14,
16,
14,
15,
29,
15,
13,
15,
24,
15,
21261,
15,
13,
12,
13,
14,
21,
13,
14,
33,
15,
27,
14,
14,
15,
15,
15,
13,
15,
24,
15,
21597,
16,
15,
15,
28,
24,
16,
15,
25,
15,
15,
15,
26,
15,
15,
15,
15,
15,
22376,
16,
14,
13,
15,
15,
15,
14,
27,
15,
15,
15,
24,
14,
15,
14,
15,
15,
15,
15,
15,
15,
25219,
15,
13,
16,
30,
13,
15,
21,
27,
29,
15,
13,
15,
28,
15,
28,
24,
27,
15,
38,
21152,
15,
23,
27,
27,
15,
24,
14,
15,
15,
28,
18,
23,
24,
15,
15,
29,
14,
27,
15,
29,
22085,
16,
13,
29,
27,
16,
15,
27,
15,
15,
16,
15,
15,
13,
15,
29,
16,
15,
15,
15,
15,
21,
22270,
15,
13,
16,
15,
24,
24,
14,
19,
15,
15,
15,
15,
15,
15,
15,
15,
18,
15,
29,
29,
22195,
29,
14,
28,
29,
15,
27,
15,
14,
14,
33,
15,
14,
25,
14,
28,
15,
15,
15,
28,
29,
27,
25754,
15,
15,
24,
28,
15,
27,
26,
15,
20,
15,
15,
15,
15,
16,
29,
15,
27,
15,
15,
37,
26197,
15,
29,
29,
15,
28,
15,
15,
15,
25,
15,
15,
15,
27,
25,
15,
30,
18,
15,
15,
15,
15,
21676,
18,
15,
15,
32,
15,
15,
15,
14,
30,
27,
13,
15,
15,
15,
29,
19,
29,
15,
18,
15,
27092,
22,
13,
27,
15,
15,
15,
25,
14,
27,
15,
15,
16,
15,
15,
15,
15,
15,
15,
28,
15,
29,
21801,
13,
15,
26,
25,
29,
15,
16,
14,
41,
15,
15,
48,
27,
30,
27,
14,
29,
27,
29,
15,
30284,
19,
13,
16,
28,
15,
30,
15,
15,
16,
38,
16,
27,
15,
16,
16,
245,
16,
27,
15,
30,
27,
22071,
16,
14,
25,
27,
14,
26,
15,
15,
13,
29,
16,
27,
15,
16,
15,
25,
14,
65,
27,
18,
22770,
13,
26,
30,
15,
16,
16,
15,
16,
30,
16,
28,
16,
31,
15,
16,
15,
29,
16,
31,
27,
31,
21098,
16,
17,
29,
26,
35,
17,
28,
18,
17,
16,
31,
15,
15,
16,
28,
35,
16,
15,
42,
16,
16,
24262,
15,
21,
29,
15,
28,
27,
41,
15,
28,
16,
29,
16,
29,
16,
30,
15,
31,
16,
27,
14,
27,
14,
21875,
13,
23,
15,
25,
15,
15,
15,
20,
15,
29,
25,
30,
14,
26,
15,
26,
16,
16,
15,
23,
30,
30549,
14,
26,
16,
29,
16,
24,
16,
18,
16,
32,
16,
43,
36,
29,
16,
27,
15,
29,
16,
30,
16,
22276,
15,
25,
15,
27,
24,
14,
38,
13,
15,
22,
15,
27,
15,
23,
23,
36,
29,
48,
24,
29,
39,
22189,
24,
15,
16,
16,
21,
16,
16,
170,
18,
28,
16,
16,
16,
29,
16,
16,
16,
30,
16,
16,
24,
22121,
15,
30,
16,
15,
16,
15,
25,
28,
15,
32,
15,
25,
26,
15,
15,
28,
24,
14,
15,
27,
14,
16,
22111,
13,
16,
30,
15,
16,
24,
16,
17,
27,
16,
15,
18,
30,
16,
16,
27,
18,
15,
19,
18,
15,
23413,
15,
16,
28,
16,
28,
16,
15,
16,
16,
15,
27,
29,
16,
21,
32,
15,
21,
17,
43,
76,
44,
22062,
27,
32,
45,
41,
47,
42,
45,
32,
45,
30,
47,
37,
48,
32,
43,
38,
33,
47,
45,
32,
33,
43,
22744,
27,
32,
33,
33,
34,
45,
31,
46,
32,
56,
33,
45,
32,
30,
31,
46,
45,
52,
32,
42,
32,
46,
21823,
27,
32,
46,
33,
29,
32,
33,
33,
45,
43,
62,
31,
45,
32,
45,
30,
32,
32,
45,
35,
47,
44,
22792,
30,
32,
45,
45,
32,
42,
32,
47,
33,
44,
45,
47,
33,
106,
40,
50,
32,
47,
32,
47,
31,
51,
48,
33802,
36,
32,
32,
46,
32,
44,
33,
50,
31,
48,
32,
45,
48,
48,
31,
47,
32,
32,
32,
47,
47,
51,
27683,
30,
48,
46,
32,
45,
33,
44,
31,
44,
48,
46,
33,
44,
33,
44,
32,
45,
46,
46,
33,
44,
32,
25339,
29,
44,
32,
31,
30,
44,
31,
42,
30,
47,
48,
32,
33,
31,
32,
43,
30,
41,
30,
30,
47,
32,
30,
31837,
31,
46,
33,
46,
45,
45,
58,
34,
41,
32,
47,
44,
30,
44,
32,
45,
32,
32,
33,
35,
30,
27294,
30,
30,
45,
43,
32,
42,
30,
46,
30,
44,
31,
46,
32,
33,
30,
44,
45,
45,
30,
44,
32,
33,
48,
26238,
32,
44,
30,
42,
31,
44,
32,
32,
32,
42,
67,
49185,
3,
4,
12,
15,
14,
15,
15,
15,
14,
15,
13,
28,
21,
15,
15,
29554,
14,
15,
18,
29,
14,
14,
13,
15,
14,
13,
25,
13,
15,
32,
15,
31256,
15,
13,
14,
13,
15,
13,
15,
15,
13,
15,
15,
24,
15,
15,
15,
30134,
13,
15,
24,
15,
35,
13,
14,
15,
15,
24,
13,
27,
16,
13,
13,
30530,
12,
14,
12,
26,
24,
13,
15,
15,
15,
15,
26,
30,
15,
13,
14,
14,
23253,
16,
13,
15,
28,
13,
14,
24,
13,
15,
14,
13,
26,
13,
15,
29,
13,
30859,
13,
15,
13,
15,
15,
15,
15,
13,
13,
13,
16,
15,
15,
22,
13,
30321,
12,
15,
23,
14,
14,
13,
15,
13,
19,
15,
21,
15,
12,
27,
23,
14,
30806,
14,
20,
18,
24,
19,
14,
13,
16,
13,
15,
22,
12,
15,
26,
17,
34807,
14,
24,
13,
29,
15,
14,
22,
14,
14,
13,
15,
23,
21,
15,
13,
13,
28656,
12,
23,
47,
14,
17,
16,
22,
13,
24,
15,
16,
14,
15,
14,
26,
23512,
15,
13,
13,
15,
22,
15,
15,
13,
25,
14,
15,
14,
25,
32,
15,
15,
28284,
13,
13,
15,
13,
15,
29,
14,
25,
15,
13,
13,
14,
14,
14,
15,
35153,
13,
13,
15,
26,
50,
15,
13,
24,
15,
15,
15,
21,
27,
15,
13,
27,
35156,
15,
13,
15,
15,
28,
15,
26,
15,
53,
14,
15,
16,
30,
14,
17,
22,
34595,
13,
13,
13,
13,
13,
15,
12,
28,
15,
15,
15,
15,
24,
33,
13,
14,
16,
33980,
16,
23,
24,
26,
15,
17,
15,
14,
13,
13,
27,
27,
13,
15,
21,
34718,
14,
13,
12,
13,
14,
14,
13,
23,
13,
15,
22,
15,
20,
17,
15,
22,
15,
33120,
14,
15,
15,
23,
15,
15,
13,
14,
14,
15,
13,
14,
13,
13,
14,
15,
15,
35341,
13,
13,
18,
15,
14,
12,
13,
13,
16,
39,
15,
15,
22,
14,
14,
15,
30,
22686,
16,
32,
14,
16,
22,
13,
18,
16,
15,
16,
15,
16,
16,
17,
30,
27259,
15,
15,
13,
15,
46,
14,
15,
15,
31,
25,
16,
16,
14,
15,
15,
15,
16,
22992,
15,
15,
15,
33,
15,
15,
16,
17,
15,
15,
16,
14,
23,
34,
15,
15,
15,
38757,
15,
30,
32,
25,
15,
14,
15,
15,
26,
27,
62,
15,
15,
24,
15,
22,
34316,
15,
15,
15,
16,
15,
15,
15,
15,
23,
16,
15,
26,
15,
15,
15,
26,
29,
27078,
16,
15,
54,
27,
14,
15,
24,
27,
35,
15,
14,
14,
15,
15,
17,
25,
16,
29059,
15,
15,
15,
15,
15,
15,
15,
13,
15,
19,
21,
14,
15,
14,
32,
23,
16,
21,
27602,
15,
15,
21,
15,
27,
15,
14,
15,
16,
15,
14,
14,
15,
24,
20,
16,
16,
30491,
15,
25,
16,
16,
15,
14,
15,
14,
15,
13,
26,
15,
13,
15,
13,
19,
15,
25,
40360,
13,
12,
15,
22,
13,
15,
14,
28,
26,
15,
20,
14,
17,
36,
15,
15,
24,
33595,
19,
29,
15,
27,
28,
27,
29,
24,
13,
30,
15,
15,
23,
15,
15,
15,
27696,
16,
15,
13,
15,
36,
15,
15,
27,
16,
16,
15,
15,
15,
16,
15,
15,
15,
15,
22167,
16,
15,
13,
25,
16,
15,
15,
15,
15,
15,
15,
16,
15,
16,
16,
15,
15,
27,
22786,
15,
13,
15,
15,
16,
15,
15,
15,
15,
15,
28,
16,
14,
21,
18,
26,
15,
16,
36346,
16,
13,
27,
16,
18,
26,
14,
15,
15,
15,
15,
16,
14,
15,
15,
24,
24,
16,
28542,
15,
27,
15,
15,
16,
35,
15,
16,
15,
14,
16,
30,
24,
26,
16,
30,
16,
25317,
15,
14,
15,
31,
15,
15,
21,
15,
18,
27,
15,
15,
15,
15,
29,
14,
15,
16,
23645,
14,
24,
15,
15,
21,
15,
15,
16,
29,
15,
16,
14,
15,
16,
16,
16,
15,
15,
16,
28434,
15,
14,
15,
31,
16,
15,
15,
40,
15,
24,
15,
15,
19,
29,
30,
15,
15,
21617,
17,
13,
15,
15,
15,
15,
15,
16,
16,
15,
15,
19,
14,
34,
29,
16,
15,
26,
16,
26482,
15,
15,
15,
16,
15,
16,
30,
23,
15,
15,
25,
15,
15,
15,
15,
15,
25306,
13,
16,
16,
16,
29,
14,
16,
22,
28,
16,
16,
19,
15,
15,
16,
15,
15,
35,
26560,
17,
15,
16,
16,
19,
15,
30,
16,
16,
21,
17,
16,
30,
17,
17,
20,
23,
16,
21673,
15,
16,
16,
28,
16,
23,
15,
15,
15,
16,
16,
15,
36,
24,
15,
25,
13,
28,
29,
23,
25418,
16,
14,
16,
16,
29,
17,
16,
29,
16,
16,
25,
29,
16,
16,
15,
16,
15,
15,
22206,
16,
13,
14,
25,
27,
44,
15,
13,
15,
17,
16,
32,
15,
16,
17,
16,
27,
26,
16,
17,
22778,
14,
15,
16,
16,
17,
16,
18,
16,
19,
15,
16,
29,
15,
30,
15,
21,
14,
27,
15,
21879,
13,
15,
17,
15,
32,
15,
15,
16,
15,
24,
14,
27,
28,
16,
28,
15,
33,
19,
17,
22562,
14,
16,
15,
26,
29,
16,
15,
17,
17,
26,
45,
32,
35,
27,
16,
15,
16,
17,
20,
24637,
15,
15,
16,
16,
15,
17,
15,
16,
16,
15,
27,
15,
15,
15,
13,
16,
16,
33,
16,
16,
35341,
26,
15,
16,
16,
16,
16,
15,
16,
16,
29,
16,
74,
16,
26,
17,
16,
17,
16,
16,
15,
22751,
22,
15,
24,
15,
30,
16,
50,
15,
19,
14,
15,
16,
16,
42,
44,
39,
35,
38,
21840,
37,
31,
30,
33,
36,
42,
51,
48,
43,
42,
32,
41,
31,
31,
30,
31,
30,
31,
28,
32,
22521,
32,
30,
31,
31,
50,
30,
29,
32,
55,
30,
38,
43,
30,
30,
46,
43,
32,
30,
31,
22115,
27,
32,
30,
32,
32,
42,
32,
47,
56,
31,
31,
32,
31,
32,
32,
31,
32,
32,
45,
41,
26914,
28,
41,
32,
41,
31,
46,
32,
32,
33,
31,
34,
33,
31,
30,
31,
31,
30,
97,
22506,
25,
31,
39,
30,
30,
31,
32,
46,
71,
31,
31,
31,
30,
39,
29,
31,
30,
30,
31,
31,
44,
30398,
26,
31,
41,
31,
31,
30,
32,
43,
37,
30,
31,
42,
32,
32,
30,
31,
32,
30,
32,
32,
26277,
42,
31,
30,
32,
32,
41,
48,
30,
33,
42,
31,
32,
28,
42,
31,
30,
44,
31,
69,
49,
25538,
43,
30,
41,
45,
33,
31,
30,
32,
37,
31,
28,
31,
30,
30,
36,
30,
28,
30,
35,
25341,
32,
31,
32,
47,
63,
32,
31,
30,
29,
45,
30,
30,
30,
31,
29,
31,
33,
30,
30,
30,
24957,
33,
61,
38,
41,
31,
55,
32,
29,
34,
39,
32,
30,
68,
32,
41,
50,
32,
32,
32,
42,
29685,
32,
28,
34,
42,
32,
31,
55,
41,
49,
32,
29,
30,
30,
43,
29,
32,
31,
56,
34,
37,
40861,
39,
43,
66,
72,
34895,
3,
4,
3,
4,
4,
15,
13,
15,
15,
13,
14,
15,
15,
15,
34715,
29,
15,
29,
16,
13,
13,
12,
13,
14,
12,
19,
24,
21,
24,
26,
40805,
13,
17,
12,
20,
14,
12,
24,
27,
16,
14,
22,
13,
14,
15,
13,
47333,
13,
13,
13,
14,
15,
13,
15,
28,
13,
12,
15,
12,
12,
13,
13,
14,
48052,
12,
17,
13,
13,
13,
12,
13,
21,
14,
18,
14,
15,
15,
13,
13,
30009,
14,
23,
12,
15,
39,
13,
13,
28,
22,
15,
24,
13,
13,
21,
12,
26,
31049,
13,
13,
13,
13,
21,
13,
13,
26,
13,
12,
13,
13,
15,
13,
22,
21,
31437,
15,
13,
13,
15,
13,
12,
14,
33,
19,
12,
15,
12,
14,
15,
13,
13,
31612,
13,
13,
16,
13,
14,
13,
25,
20,
13,
15,
15,
13,
13,
13,
14,
25,
30938,
13,
13,
13,
14,
15,
19,
28,
13,
15,
15,
13,
13,
13,
14,
17,
26,
26580,
13,
13,
18,
13,
13,
15,
13,
31,
13,
26,
13,
15,
13,
13,
13,
31344,
13,
18,
15,
13,
14,
14,
13,
14,
24,
13,
13,
13,
12,
19,
31,
16,
26815,
14,
12,
14,
13,
13,
14,
13,
13,
13,
13,
30,
13,
13,
35,
13,
13,
34192,
13,
13,
13,
12,
12,
18,
14,
31,
25,
14,
15,
15,
15,
25,
22,
14,
45823,
15,
14,
14,
13,
13,
13,
13,
39,
15,
16,
12,
13,
27,
26,
22,
20,
40260,
12,
12,
24,
12,
14,
13,
13,
20,
15,
29,
14,
14,
16,
15,
27,
14,
40358,
13,
13,
13,
13,
14,
14,
27,
15,
14,
13,
19,
14,
18,
36,
13,
15,
41642,
12,
13,
13,
23,
13,
26,
13,
22,
28,
13,
15,
15,
15,
25,
15,
22,
15,
37031,
13,
15,
15,
13,
15,
15,
21,
15,
15,
15,
14,
13,
13,
13,
14,
13,
33499,
16,
11,
14,
12,
14,
23,
24,
36,
24,
30,
15,
15,
14,
25,
17,
23180,
14,
13,
13,
14,
13,
27,
16,
25,
29,
14,
16,
12,
15,
29,
15,
15,
23,
23373,
18,
23,
15,
13,
14,
13,
13,
13,
21,
14,
13,
15,
15,
15,
20,
21,
23516,
21,
15,
13,
15,
13,
14,
13,
15,
14,
14,
25,
38,
15,
15,
15,
15,
23662,
14,
13,
14,
25,
24,
15,
13,
13,
21,
14,
15,
13,
13,
13,
24,
15,
15,
24283,
15,
13,
14,
15,
28,
14,
15,
14,
15,
14,
15,
15,
31,
14,
14,
14,
14,
21951,
13,
15,
15,
13,
15,
27,
13,
15,
14,
24,
25,
17,
23,
13,
14,
17,
29,
24811,
14,
27,
13,
14,
15,
16,
15,
15,
25,
15,
15,
17,
15,
15,
13,
15,
15,
29528,
15,
13,
13,
15,
15,
13,
14,
13,
23,
16,
30,
15,
15,
18,
14,
29,
45,
28294,
15,
14,
24,
20,
15,
24,
15,
15,
16,
29,
13,
29,
15,
23,
24,
15,
13,
26831,
14,
17,
15,
15,
13,
22,
21,
13,
15,
13,
26,
29,
15,
24,
24,
15,
15,
14,
28525,
26,
19,
22,
14,
15,
15,
13,
15,
15,
20,
15,
15,
26,
14,
26,
15,
13,
25872,
14,
13,
13,
26,
26,
13,
14,
15,
15,
24,
15,
15,
15,
14,
13,
14,
15,
15,
28219,
14,
15,
13,
15,
14,
19,
25,
15,
18,
14,
28,
15,
16,
14,
15,
15,
27,
24036,
14,
15,
15,
15,
15,
13,
13,
13,
25,
80,
13,
15,
14,
21,
16,
21,
15,
24,
38,
28476,
16,
16,
13,
15,
27,
15,
15,
15,
26,
29,
26,
13,
13,
22,
36,
15,
26552,
13,
15,
13,
15,
36,
15,
24,
20,
16,
16,
16,
16,
16,
15,
15,
38,
15,
16,
23817,
15,
15,
23,
16,
25,
15,
17,
70,
25,
15,
15,
15,
15,
15,
14,
15,
15,
19,
23554,
15,
14,
14,
25,
14,
32,
13,
13,
15,
30,
28,
51,
15,
14,
15,
24,
16,
15,
23589,
15,
14,
15,
29,
15,
23,
15,
13,
13,
15,
24,
44,
15,
45,
15,
15,
26,
15,
34775,
26,
21,
16,
16,
32,
16,
16,
17,
30,
15,
18,
24,
14,
17,
15,
23,
16,
28162,
25,
28,
15,
15,
16,
16,
16,
15,
15,
15,
14,
21,
15,
15,
15,
14,
25,
15,
32463,
13,
16,
15,
15,
14,
33,
14,
14,
15,
23,
16,
16,
24,
19,
14,
27,
15,
25,
33199,
15,
15,
24,
36,
31,
24,
25,
16,
20,
16,
24,
24,
17,
26,
35100,
18,
15,
15,
23,
15,
31,
15,
44,
30,
28,
18,
28,
27,
14,
22731,
18,
15,
21,
26,
30,
29,
15,
15,
16,
17,
16,
15,
16,
15,
29,
38,
14,
15,
24688,
16,
15,
16,
16,
16,
17,
18,
16,
16,
34,
16,
13,
15,
16,
15,
28,
16,
29,
27,
26941,
15,
15,
15,
15,
28,
25,
15,
14,
15,
20,
47490,
13,
15,
13,
13,
15,
31,
13,
14,
13,
15,
13,
15,
26,
25,
28,
47108,
15,
15,
15,
16,
14,
13,
13,
13,
14,
13,
12,
12,
20,
13,
33,
31033,
15,
12,
23,
23,
24,
15,
15,
12,
13,
15,
15,
14,
15,
15,
15,
15,
30686,
14,
15,
14,
15,
24,
19,
13,
15,
15,
15,
15,
14,
13,
13,
13,
32,
14,
34038,
15,
12,
12,
13,
24,
14,
13,
12,
13,
14,
15,
15,
12,
13,
15,
15,
30931,
14,
13,
15,
13,
14,
15,
27,
15,
13,
13,
14,
15,
13,
13,
13,
13,
13,
34002,
12,
13,
13,
15,
13,
15,
14,
15,
15,
16,
13,
14,
13,
13,
13,
13,
13,
30137,
21,
12,
22,
22,
13,
13,
14,
13,
13,
13,
13,
14,
15,
13,
13,
13,
14,
15,
30560,
12,
13,
12,
14,
12,
14,
29,
13,
13,
13,
13,
15,
13,
13,
13,
15,
21,
30378,
15,
13,
13,
15,
13,
26,
36,
15,
13,
13,
14,
13,
15,
12,
15,
52,
12,
13,
27991,
13,
25,
13,
15,
13,
14,
35,
13,
13,
15,
14,
36,
33,
13,
15,
15,
14,
30676,
15,
16,
14,
13,
13,
36,
13,
13,
13,
22,
21,
13,
38,
26,
15,
22,
23,
15,
27685,
12,
14,
13,
13,
26,
18,
13,
14,
13,
12,
25,
23,
15,
25,
25,
13,
28538,
15,
13,
15,
15,
27,
15,
17,
14,
13,
15,
25,
14,
13,
21,
15,
15,
14,
24,
24809,
13,
13,
13,
13,
15,
30,
13,
26,
13,
27,
19,
14,
13,
12,
13,
13,
13,
22867,
15,
13,
14,
15,
15,
14,
35,
15,
16,
15,
15,
28,
13,
27,
14,
13,
15,
15,
21627,
16,
15,
13,
15,
12,
21,
27,
13,
12,
13,
21,
16,
26,
13,
13,
12,
21,
23,
24767,
15,
15,
13,
13,
13,
17,
14,
13,
13,
15,
15,
24,
13,
13,
13,
15,
23,
22198,
13,
13,
13,
15,
13,
15,
17,
25,
13,
13,
14,
13,
13,
24,
12,
18,
14,
13,
29919,
12,
17,
13,
24,
13,
15,
15,
15,
15,
13,
21,
14,
14,
15,
13,
13,
13,
14,
22794,
48,
13,
13,
35,
24,
22,
15,
27,
16,
29,
27,
16,
16,
16,
15,
15,
22217,
36,
13,
15,
30,
17,
32,
27,
20,
14,
25,
14,
13,
14,
13,
13,
13,
13,
14,
22366,
13,
14,
19,
13,
15,
14,
28,
15,
14,
15,
15,
16,
15,
14,
13,
23,
14,
21871,
14,
15,
13,
22,
15,
17,
15,
15,
15,
15,
13,
15,
27,
22,
15,
26,
15,
14,
22860,
15,
14,
13,
15,
14,
16,
15,
15,
13,
24,
14,
15,
23,
15,
15,
14,
21,
13,
26965,
15,
14,
23,
14,
15,
15,
38,
22,
19,
15,
14,
18,
15,
30,
15,
22,
16,
15,
30,
31822,
14,
15,
14,
26,
19,
21,
15,
19,
15,
15,
26,
15,
15,
26,
17,
19,
16,
14,
27,
22414,
14,
26,
15,
29,
22,
16,
23,
15,
14,
15,
15,
15,
15,
26,
16,
15,
15,
27,
18,
16,
35594,
18,
25,
13,
15,
37,
15,
14,
14,
12,
15,
16,
22,
16,
15,
15,
14,
16,
16,
31252,
14,
26,
13,
15,
14,
14,
25,
24,
18,
16,
15,
15,
15,
15,
16,
15,
15,
26,
15,
26899,
15,
24,
16,
14,
14,
15,
15,
15,
15,
15,
15,
15,
18,
14,
15,
15,
20,
16,
17,
23115,
13,
15,
14,
15,
15,
15,
15,
26,
24,
15,
15,
24,
13,
15,
26,
14,
13,
25,
14,
19,
22120,
24,
13,
18,
25,
26,
15,
15,
15,
15,
15,
15,
15,
25,
15,
14,
13,
15,
15,
15,
23227,
24,
14,
15,
15,
15,
15,
34,
16,
15,
13,
15,
15,
15,
15,
21,
15,
13,
26,
15,
27372,
16,
17,
16,
15,
15,
15,
15,
15,
23,
15,
15,
25,
15,
24,
13,
29,
16,
15,
22285,
26,
14,
15,
21,
16,
15,
15,
15,
15,
22,
16,
15,
25,
27,
15,
13,
27,
19,
16,
26,
31280,
16,
15,
15,
16,
15,
15,
15,
13,
15,
15,
15,
15,
29,
16,
15,
18,
13,
27,
22818,
14,
15,
15,
15,
15,
14,
15,
16,
14,
16,
16,
16,
15,
15,
27,
15,
14,
15,
24,
16,
24545,
22,
13,
27,
15,
19,
15,
15,
14,
13,
15,
15,
15,
15,
16,
16,
16,
15,
30,
16,
16,
24940,
15,
13,
15,
26,
15,
15,
15,
18,
27,
41,
22,
28,
15,
15,
16,
15,
16,
15,
27,
23,
25825,
28,
32,
16,
15,
16,
27,
29,
17,
15,
16,
16,
15,
25,
15,
15,
27,
16,
17,
24215,
14,
25,
15,
15,
15,
14,
15,
15,
15,
15,
14,
14,
15,
19,
15,
16,
16,
27,
31,
15,
22969,
15,
13,
16,
15,
15,
15,
29,
15,
16,
20,
14,
16,
27,
16,
15,
16,
24,
15,
16,
16,
15,
23490,
24,
16,
15,
14,
13,
21,
26,
15,
13,
14,
19,
17,
25,
26,
15,
18,
14,
15,
27,
30,
36838,
15,
16,
27,
16,
15,
23955,
4,
17,
15,
13,
16,
13,
13,
15,
14,
15,
15,
14,
13,
13,
16,
13,
36,
46976,
21,
15,
15,
27,
27,
17,
15,
16,
13,
22,
21,
14,
13,
13,
13,
22,
13,
27374,
14,
12,
24,
12,
12,
13,
13,
15,
14,
14,
15,
13,
22,
13,
14,
14,
14,
21571,
13,
27,
14,
14,
13,
15,
14,
16,
13,
13,
13,
12,
14,
22,
13,
14,
13,
24241,
13,
20,
12,
15,
12,
12,
15,
13,
13,
38,
33,
12,
13,
14,
15,
15,
14,
12,
22102,
13,
14,
20,
206,
19,
12,
15,
13,
22,
14,
21,
14,
14,
13,
13,
15,
15,
29685,
13,
12,
13,
13,
14,
13,
14,
15,
18,
22,
26,
18,
14,
14,
21,
12,
16,
13,
25134,
12,
24,
12,
13,
13,
12,
13,
15,
23,
30,
13,
23,
12,
13,
14,
12,
20,
24016,
27,
13,
13,
21,
13,
27,
13,
13,
27,
13,
14,
14,
15,
14,
18,
13,
17,
18,
25521,
12,
14,
14,
30,
26,
12,
13,
21,
27,
24,
12,
13,
13,
14,
13,
14,
13,
12,
23899,
14,
13,
31,
13,
12,
25,
21,
13,
13,
15,
25,
13,
15,
13,
15,
13,
14,
22839,
14,
15,
13,
18,
27,
19,
13,
24,
19,
21,
25,
13,
12,
15,
13,
13,
13,
12,
22311,
25,
13,
15,
15,
19,
13,
14,
13,
13,
13,
17,
13,
24,
26,
12,
15,
12,
23874,
13,
13,
12,
27,
16,
15,
13,
15,
21,
15,
14,
13,
13,
15,
13,
30,
15,
29420,
13,
18,
37,
15,
15,
12,
12,
14,
13,
13,
12,
13,
15,
13,
12,
19,
15,
13,
13,
23134,
13,
12,
14,
13,
13,
14,
15,
15,
15,
13,
15,
13,
17,
18,
24,
13,
15,
13,
32521,
13,
13,
13,
29,
25,
13,
15,
15,
15,
12,
13,
25,
12,
13,
15,
13,
13,
14,
24806,
15,
13,
23,
13,
15,
15,
14,
13,
25,
22,
15,
15,
15,
29,
14,
15,
24123,
23,
15,
15,
14,
15,
14,
14,
15,
15,
14,
20,
15,
13,
13,
18,
13,
12,
12,
25966,
13,
12,
12,
13,
13,
27,
12,
14,
12,
15,
15,
15,
15,
14,
26,
15,
15,
15,
21,
22562,
13,
13,
14,
26,
15,
15,
13,
13,
23,
15,
16,
16,
23,
15,
15,
14,
15,
22578,
15,
14,
12,
20,
15,
14,
15,
14,
18,
25,
15,
17,
28,
15,
15,
15,
15,
14,
15,
28745,
14,
14,
15,
18,
25,
14,
15,
15,
15,
14,
28,
15,
14,
18,
15,
25,
27,
20,
22133,
16,
15,
13,
15,
15,
15,
15,
15,
24,
26,
15,
15,
29,
13,
14,
15,
26,
13,
15,
28344,
15,
15,
23,
15,
15,
14,
13,
27,
13,
26,
14,
15,
14,
15,
13,
27,
21,
15,
15,
27864,
13,
24,
15,
14,
30,
13,
16,
14,
15,
19,
14,
25,
15,
19,
14,
15,
15,
15,
15,
23,
28145,
13,
13,
15,
14,
14,
25,
13,
14,
30,
25,
24,
14,
15,
15,
15,
14,
15,
13,
28,
26564,
14,
14,
14,
13,
15,
15,
18,
24,
15,
15,
15,
15,
14,
29,
15,
15,
27,
16,
32,
23750,
14,
18,
23,
15,
14,
13,
16,
14,
13,
15,
14,
14,
23,
14,
14,
15,
22,
15,
15,
13,
23480,
15,
16,
12,
29,
13,
15,
13,
14,
15,
30,
15,
14,
16,
33,
15,
15,
15,
14,
28,
15,
24997,
14,
13,
14,
15,
15,
23,
22,
15,
15,
26,
15,
23,
20,
14,
15,
15,
15,
14,
23097,
16,
14,
16,
22,
27,
25,
19,
14,
15,
29,
15,
39,
15,
15,
13,
15,
15,
21,
15,
15,
24360,
14,
13,
15,
15,
15,
16,
15,
13,
13,
25,
15,
15,
17,
13,
13,
15,
15,
26,
25,
15,
22212,
16,
14,
15,
15,
15,
13,
15,
26,
15,
15,
27,
15,
32,
14,
26,
15,
15,
15,
15,
15,
22908,
25,
15,
13,
15,
28,
15,
15,
13,
21,
25,
26,
15,
28,
15,
14,
15,
15,
15,
18,
15,
15,
22352,
14,
15,
26,
15,
15,
23,
15,
26,
23,
15,
15,
15,
15,
14,
14,
15,
29,
15,
25,
15,
21797,
16,
15,
15,
29,
15,
16,
17,
15,
15,
15,
16,
15,
15,
13,
15,
15,
15,
36,
28,
14,
32534,
15,
24,
25,
14,
15,
15,
15,
36,
54,
24,
15,
26,
15,
25,
15,
15,
15,
15,
21649,
15,
13,
15,
15,
24,
25,
13,
14,
15,
15,
26,
20,
19,
15,
18,
14,
15,
43,
15,
24,
14,
22991,
15,
15,
18,
21,
36,
15,
15,
15,
69,
15,
15,
15,
15,
15,
36,
15,
25,
26,
15,
193,
24007,
15,
15,
15,
15,
18,
15,
15,
28,
15,
15,
15,
15,
14,
25,
13,
24,
15,
15,
15,
15,
25543,
13,
14,
15,
27,
16,
15,
22,
15,
16,
15,
24,
15,
16,
15,
15,
15,
15,
28,
13,
27,
27508,
21,
16,
16,
16,
16,
27,
16,
15,
25,
15,
16,
16,
16,
29,
22,
16,
17,
16,
26,
26,
23671,
15,
15,
29,
25,
14,
28,
29,
18,
15,
17,
27,
16,
16,
26,
48,
27,
19,
27,
14,
13,
21883,
26,
15,
26,
16,
15,
27,
26,
14,
15,
15,
14,
15,
16,
14,
27,
23,
27,
17,
15,
16,
22467,
13,
16,
29,
22,
15,
27,
15,
27,
15,
13,
26,
14,
20,
28,
16,
15,
15,
17,
19,
27,
15,
22695,
14,
16,
15,
16,
15,
33,
27,
15,
26,
27,
15,
28,
16,
18,
16,
14,
15,
22,
16,
33,
22284,
24,
13,
29,
15,
24,
15,
20,
14,
13,
14,
26,
16,
25,
14,
20,
16,
18,
15,
15,
30,
16,
15,
22239,
16,
15,
16,
15,
16,
23,
19,
24,
15,
29,
16,
19,
15,
29,
15,
16,
15,
24,
17,
28,
14,
23646,
12,
23,
16,
27,
14,
27,
26,
15,
15,
24,
14,
14,
25,
27,
26,
15,
18,
24,
14,
24,
15,
26,
22645,
13,
16,
15,
16,
27,
16,
16,
15,
16,
26,
15,
29,
30,
21,
15,
29,
18,
16,
31,
16,
21,
22166,
14,
16,
17,
26,
18,
14,
14,
15,
15,
13,
15,
15,
18,
26,
16,
37,
48,
34,
42,
33,
22686,
28,
43,
30,
33,
51,
33,
30,
33,
30,
31,
32,
59,
32,
39,
31,
51,
47,
32,
42,
55,
64,
32,
21957,
27,
43,
32,
31,
47,
30,
34,
32,
44,
29,
52,
47,
51,
32,
53,
36,
51,
31,
45,
43,
59,
21955,
27,
32,
44,
45,
45,
29,
44,
31,
32,
42,
32,
44,
43,
31,
54,
34,
31,
30,
33,
32,
52,
31,
22519,
26,
34,
30,
44,
31,
53,
31,
43,
42,
32,
42,
53,
42,
51,
32,
42,
31,
33,
32,
44,
32,
42,
22665,
26,
30,
29,
33,
32,
31,
42,
32,
33,
32,
42,
47,
38,
30,
40,
35,
37,
43,
90,
21871,
29,
43,
43,
31,
51,
74,
32,
31,
44,
32,
32,
30,
44,
33,
40,
31,
52,
31,
33,
43,
42,
31,
28400,
32,
36,
43,
59,
32,
36,
31,
31,
110,
42,
31,
52,
42,
49,
32,
45,
31,
45,
31,
41,
30,
47,
26123,
94,
44,
60,
31,
34,
31,
33,
43,
32,
42,
44,
32,
36,
31,
31,
32,
51,
31,
42,
31,
33,
27030,
33,
48,
40,
29,
30,
38,
49,
31,
51,
41,
36,
30,
43,
30,
53,
30,
44,
60,
41,
42,
41,
30,
24962,
30,
41,
32,
58,
42,
44,
33,
47,
30,
42,
30,
33,
30,
38,
29,
42,
34,
40,
32,
41,
32,
28574,
40,
51,
47,
42,
29,
45,
31,
42,
53,
32,
30,
43,
30,
42,
32,
30,
32,
41,
31,
30,
31,
33,
27002,
41,
30,
44,
32,
59,
42,
38,
36,
77,
32569,
4,
6,
12,
15,
15,
15,
15,
12,
13,
13,
15,
13,
27,
16,
26,
30860,
15,
15,
14,
15,
14,
13,
14,
13,
12,
23,
13,
13,
13,
14,
15,
16,
31637,
13,
13,
12,
15,
15,
14,
15,
14,
14,
15,
17,
30,
23,
14,
15,
48015,
22,
21,
15,
14,
18,
15,
16,
13,
14,
14,
12,
13,
13,
13,
12,
28947,
13,
12,
13,
13,
13,
13,
13,
13,
13,
14,
15,
13,
21,
27,
25,
15,
32269,
15,
14,
13,
15,
22,
13,
15,
15,
13,
15,
13,
13,
15,
14,
13,
13,
15,
31170,
15,
12,
12,
26,
14,
13,
14,
12,
15,
13,
14,
13,
25,
15,
19,
13,
21,
31226,
13,
27,
12,
15,
14,
15,
15,
13,
28,
14,
12,
15,
13,
14,
13,
13,
34231,
24,
13,
15,
13,
13,
32,
14,
14,
14,
14,
25,
15,
15,
18,
15,
16,
14,
33719,
15,
23,
13,
13,
25,
24,
14,
14,
14,
15,
14,
14,
19,
15,
13,
19,
27,
29034,
14,
14,
13,
13,
15,
16,
13,
15,
13,
13,
14,
15,
13,
23,
27,
14,
13,
23598,
26,
13,
19,
12,
15,
13,
14,
13,
15,
13,
13,
14,
17,
18,
13,
25,
15,
31030,
21,
15,
15,
13,
12,
13,
14,
14,
12,
23,
26,
26,
15,
14,
43238,
15,
14,
13,
15,
15,
15,
13,
15,
15,
15,
15,
14,
25,
16,
18,
13,
34694,
26,
13,
15,
12,
14,
16,
13,
29,
26,
25,
16,
13,
15,
14,
13,
29016,
15,
13,
14,
18,
29,
15,
29,
18,
15,
15,
15,
24,
15,
27,
29433,
25,
15,
24,
23,
13,
24,
14,
29,
15,
13,
26,
47572,
26,
15,
97,
16,
25,
15,
15,
15,
15,
15,
15,
13,
15,
15,
22593,
14,
22,
14,
15,
14,
13,
15,
13,
19,
12,
14,
13,
14,
20,
14,
24,
21,
23757,
14,
13,
12,
13,
13,
23,
15,
14,
13,
15,
15,
15,
14,
15,
15,
15,
30,
24,
24921,
15,
33,
16,
15,
14,
16,
30,
22,
14,
14,
15,
15,
15,
14,
15,
14,
15,
20,
22769,
16,
13,
21,
15,
15,
15,
15,
15,
16,
14,
15,
13,
25,
18,
15,
24,
15,
15,
15,
24778,
15,
14,
13,
14,
15,
14,
15,
14,
15,
15,
13,
13,
15,
14,
15,
15,
21864,
15,
15,
26,
14,
15,
15,
15,
15,
15,
14,
18,
15,
14,
14,
15,
15,
26,
15,
24,
26754,
16,
16,
15,
15,
15,
15,
32,
26,
28,
25,
29,
24,
24,
16,
26839,
14,
15,
13,
15,
15,
14,
15,
14,
27,
25,
15,
27,
15,
15,
15,
17,
17,
49,
19,
22405,
21,
14,
15,
15,
25,
15,
15,
15,
15,
15,
22,
15,
16,
32,
15,
16,
16,
15,
16,
30148,
23,
14,
16,
23,
15,
21,
15,
18,
26,
15,
17,
30,
15,
16,
20,
21,
16,
15,
23539,
16,
27,
15,
16,
29,
46,
16,
30,
16,
14,
13,
24,
26,
15,
15,
13,
19,
16,
15,
21655,
20,
15,
15,
24,
22,
32,
18,
15,
15,
13,
15,
13,
15,
26,
15,
15,
27,
15,
22696,
14,
15,
14,
14,
15,
21,
16,
14,
18,
15,
16,
16,
14,
14,
24,
25,
14,
15,
15,
25809,
13,
16,
23,
15,
15,
15,
15,
27,
16,
16,
16,
14,
15,
14,
16,
16,
15,
15,
26,
16,
30464,
16,
15,
13,
26,
28,
36,
25,
29,
15,
16,
16,
27,
16,
15,
15,
22,
15,
15,
26435,
15,
15,
15,
17,
79,
14,
24,
24,
14,
15,
15,
15,
15,
26,
13,
15,
15,
15,
24546,
15,
16,
15,
14,
15,
15,
15,
15,
14,
18,
15,
14,
32,
15,
16,
28,
15,
19,
16,
26281,
15,
15,
13,
15,
26,
15,
16,
15,
18,
15,
16,
14,
15,
27,
29,
15,
29,
20,
15,
24887,
16,
25,
19,
29,
21,
25,
16,
15,
24,
16,
14,
15,
26,
15,
15,
22372,
15,
14,
15,
15,
15,
15,
15,
15,
15,
15,
18,
18,
15,
15,
19,
15,
15,
18,
14,
24,
33944,
30,
34,
17,
23,
15,
26,
53,
16,
15,
27,
15,
26,
15,
15,
16,
25,
27,
23087,
16,
14,
15,
16,
35,
15,
22,
15,
26,
16,
30,
16,
15,
24,
15,
16,
15,
15,
15,
25754,
15,
15,
15,
16,
25,
15,
18,
29,
26,
14,
16,
14,
14,
16,
16,
21,
15,
16,
15,
22814,
16,
14,
30,
16,
16,
18,
16,
17,
16,
25,
35,
15,
15,
15,
29,
16,
15,
17,
24,
27,
28441,
24,
16,
16,
15,
16,
15,
27,
15,
26,
15,
15,
14,
15,
25,
16,
16,
15,
16,
15,
35,
24206,
16,
15,
15,
16,
15,
25,
15,
16,
24,
14,
33,
26,
15,
13,
26,
14,
36,
15,
15,
15,
26229,
35,
22,
24,
27,
26,
28,
16,
15,
16,
35,
16,
27,
27,
17,
25,
16,
27,
15,
23609,
16,
17,
17,
16,
17,
18,
32,
20,
17,
24,
18,
27,
15,
15,
16,
38,
16,
17,
19,
19,
19,
38286,
26,
40,
27,
16,
36,
16,
28,
28,
18,
16,
24,
28,
24,
27,
14,
25,
25,
23231,
15,
32,
27,
18,
18,
16,
27,
15,
26,
14,
15,
16,
16,
18,
20,
16,
38,
17,
18,
18,
18,
25417,
15,
18,
16,
21,
27,
33,
16,
16,
16,
16,
29,
16,
18,
29,
24,
24,
16,
25,
24,
18,
21448,
17,
16,
18,
15,
30,
16,
16,
16,
15,
17,
18,
24,
15,
15,
15,
15,
15,
15,
17,
25,
17,
16,
22689,
15,
28,
30,
16,
27,
28,
16,
18,
17,
17,
33,
15,
16,
27,
18,
17,
18,
27,
16,
20,
22412,
16,
16,
16,
18,
16,
18,
27,
16,
16,
14,
28,
27,
15,
25,
27,
15,
18,
24,
23,
22912,
18,
18,
27,
27,
17,
28,
16,
17,
16,
16,
16,
18,
16,
16,
16,
17,
16,
16,
17,
16,
29,
28873,
14,
23,
22,
16,
16,
16,
29,
15,
26,
16,
16,
16,
15,
16,
21,
16,
18,
16,
18,
24,
18,
28737,
27,
46,
33,
32,
29,
36,
44,
30,
31,
33,
45,
32,
32,
33,
33,
43,
37,
44,
41,
24530,
29,
31,
48,
47,
45,
47,
50,
43,
46,
49,
31,
30,
32,
31,
32,
28,
32,
22176,
25,
34,
32,
31,
32,
44,
32,
32,
33,
45,
31,
37,
38,
31,
42,
41,
32,
32,
80,
32,
58,
25827,
28,
45,
40,
32,
42,
45,
32,
33,
41,
56,
33,
43,
38,
63,
37,
32,
38,
35,
32,
38986,
33,
44,
32,
39,
31,
48,
44,
44,
32,
32,
51,
32,
32,
32,
43,
31,
33,
40,
32,
33,
33,
27725,
33,
48,
31,
43,
32,
32,
31,
35,
33,
32,
32,
33,
44,
41,
32,
45,
44,
46,
44,
28671,
47,
30,
30,
53,
32,
31,
32,
47,
32,
38,
45,
35,
35,
44,
45,
39,
44,
32,
47,
33809,
43,
36,
44,
31,
46,
49,
47,
38,
48,
33,
37,
44,
32,
45,
42,
27931,
36,
39,
43,
32,
45,
47,
45,
45,
34,
48,
29,
46,
30,
32,
44,
47,
46,
39,
46,
37,
31722,
45,
39,
36,
45,
45,
31,
76,
25043,
6,
15,
13,
14,
13,
19,
13,
15,
15,
13,
16,
13,
15,
25,
13,
13,
28566,
24,
13,
15,
22,
13,
19,
14,
30,
15,
15,
14,
14,
13,
16,
13,
23053,
14,
13,
15,
14,
13,
15,
15,
15,
13,
13,
13,
15,
15,
16,
15,
15,
23369,
15,
15,
14,
15,
24,
15,
15,
15,
15,
13,
12,
46,
14,
13,
13,
15,
21,
25185,
13,
12,
12,
14,
25,
14,
13,
14,
15,
33,
15,
15,
18,
15,
13,
13,
26,
30686,
13,
13,
25,
14,
15,
15,
14,
13,
20,
65,
15,
18,
13,
22,
33,
14,
13,
22915,
15,
14,
13,
15,
15,
14,
15,
15,
15,
21,
15,
15,
14,
15,
29,
13,
20,
24555,
15,
14,
13,
13,
15,
15,
13,
29,
12,
13,
15,
14,
15,
15,
13,
13,
15,
27171,
15,
13,
15,
13,
24,
24,
36,
15,
15,
15,
26,
25,
23,
84,
61213,
15,
15,
28,
13,
15,
13,
16,
24,
13,
14,
13,
30212,
13,
15,
14,
13,
13,
13,
13,
14,
26,
30,
13,
15,
25,
14,
15,
13,
34010,
15,
15,
25,
13,
14,
13,
12,
13,
12,
16,
13,
14,
14,
14,
24,
15,
13,
24929,
15,
13,
14,
17,
15,
14,
14,
15,
13,
22,
14,
26,
14,
13,
18,
57,
23,
15,
33748,
15,
13,
12,
15,
14,
14,
38,
20,
23,
21,
13,
15,
13,
13,
15,
15,
13,
14,
33992,
14,
13,
15,
24,
19,
15,
13,
15,
13,
23,
13,
15,
14,
15,
13,
19,
20,
12,
37305,
26,
23,
12,
22,
13,
13,
13,
14,
15,
15,
13,
13,
15,
14,
14,
15,
19,
16,
29650,
15,
13,
13,
15,
16,
32,
13,
12,
15,
25,
32,
13,
13,
13,
15,
17,
21,
24056,
14,
12,
13,
12,
13,
13,
13,
15,
18,
15,
49,
14,
15,
16,
16,
14,
15,
23489,
16,
13,
15,
14,
23,
27,
17,
15,
29,
15,
27,
13,
15,
14,
13,
13,
15,
26399,
12,
13,
13,
23,
23,
26,
13,
13,
13,
18,
15,
15,
15,
13,
29,
15,
28,
15,
15,
23137,
15,
15,
16,
15,
26,
26,
24,
15,
29,
15,
14,
15,
14,
15,
55,
14,
15,
29402,
42,
25,
15,
14,
15,
15,
15,
28,
20,
15,
15,
26,
15,
15,
15,
15,
15,
25,
35082,
20,
25,
14,
28,
31,
14,
14,
18,
22,
15,
14,
13,
24,
24,
15,
15,
15,
15,
23170,
15,
15,
14,
13,
15,
14,
15,
23,
26,
37,
26,
13,
15,
15,
15,
15,
15,
15,
26,
25452,
15,
15,
15,
15,
15,
14,
13,
15,
15,
15,
15,
15,
15,
15,
15,
25,
23,
15,
26189,
15,
14,
13,
15,
15,
14,
14,
16,
15,
20,
15,
24,
15,
15,
25,
14,
15,
15,
23,
26785,
15,
14,
44,
15,
15,
25,
15,
29,
24,
15,
22,
13,
15,
15,
16,
15,
15,
15,
15,
26474,
15,
14,
15,
15,
14,
15,
15,
14,
13,
15,
14,
14,
20,
15,
24,
15,
16,
16,
25,
16,
27081,
15,
14,
23,
27,
15,
14,
14,
13,
15,
23,
15,
13,
15,
27,
14,
36,
14,
16,
18,
26342,
13,
19,
13,
15,
22,
16,
13,
14,
16,
17,
15,
16,
21,
15,
15,
21,
16,
15,
13,
25017,
14,
13,
26,
14,
15,
15,
26,
14,
14,
14,
14,
28,
41,
15,
27,
15,
15,
16,
25869,
19,
13,
15,
15,
27,
14,
29,
15,
25,
15,
15,
15,
15,
33,
15,
32,
15,
15,
15,
15,
23754,
26,
15,
17,
15,
15,
14,
15,
16,
16,
13,
15,
15,
15,
22,
16,
16,
17,
17,
38507,
27,
19,
17,
15,
14,
14,
15,
15,
15,
14,
15,
15,
16,
22,
15,
24,
15,
15,
33,
22760,
16,
13,
14,
16,
15,
15,
13,
27,
15,
15,
15,
18,
15,
15,
15,
20,
25,
15,
15,
16,
22841,
14,
14,
15,
26,
27,
26,
13,
15,
29,
13,
16,
15,
23,
16,
16,
15,
16,
16,
33,
27,
15,
23080,
14,
15,
15,
16,
18,
14,
24,
25,
15,
15,
15,
15,
15,
24,
15,
20,
16,
15,
15,
33,
28166,
16,
13,
15,
14,
14,
24,
15,
15,
15,
16,
24,
15,
25,
16,
15,
15,
25,
15,
27,
29,
23077,
16,
15,
15,
35,
26,
15,
15,
21,
23,
13,
27,
15,
15,
15,
26,
27,
15,
15,
19,
15,
22146,
16,
16,
15,
15,
15,
18,
15,
16,
27,
15,
15,
24,
17,
25,
24,
20,
15,
15,
26,
15,
24083,
16,
16,
16,
32,
14,
16,
17,
30,
17,
26,
30,
27,
26,
44,
16,
16,
22165,
26,
25,
26,
37,
27,
15,
15,
16,
15,
26,
16,
36,
16,
15,
16,
21,
26,
16,
16,
18,
25898,
29,
18,
16,
16,
16,
16,
25,
46,
19,
27,
24,
30,
16,
16,
55,
16,
28,
16,
27,
27,
22420,
15,
16,
16,
26,
16,
16,
21,
16,
38,
42,
15,
21,
16,
31,
15,
53,
15,
124,
16,
32,
22194,
29,
16,
27,
27,
26,
27,
21,
15,
16,
16,
15,
18,
44,
15,
29,
16,
30,
27,
16,
25,
22184,
24,
13,
16,
26,
21,
15,
16,
16,
14,
17,
16,
15,
15,
25,
27,
30,
16,
29,
15,
28,
22864,
14,
16,
16,
21,
16,
16,
26,
15,
16,
16,
27,
16,
16,
15,
18,
15,
16,
15,
15,
15,
26,
21712,
14,
16,
24,
16,
15,
15,
13,
16,
27,
24,
15,
15,
36,
15,
17,
18,
20,
29,
18,
16,
24319,
15,
16,
16,
23,
16,
27,
15,
28,
30,
16,
16,
16,
16,
16,
22,
18,
16,
16,
17,
27,
27,
23542,
14,
18,
18,
15,
18,
25,
15,
26,
14,
23,
16,
18,
15,
25,
20,
15,
21,
29,
15,
29,
27,
27777,
14,
32,
16,
16,
16,
14,
16,
16,
16,
22,
16,
21,
26,
30,
16,
16,
16,
29,
16,
27,
16,
22093,
15,
18,
16,
16,
16,
24,
14,
15,
15,
25,
14,
21,
14,
15,
24,
22,
24,
30,
32,
43,
48999,
36,
33,
43,
30,
30,
32,
43,
32,
44,
45,
30,
31,
45,
31,
35,
31,
48,
30,
32,
31,
22572,
28,
49,
32,
47,
32,
45,
31,
44,
31,
35,
43,
31,
31,
40,
48,
31,
33,
43,
35,
32,
46,
23862,
27,
47,
32,
47,
47,
32,
30,
36,
30,
42,
45,
43,
50,
36,
30,
34,
32,
40,
53,
44,
32,
22738,
25,
47,
32,
42,
31,
45,
33,
33,
31,
50,
29,
45,
33,
45,
32,
45,
44,
32,
30,
44,
41,
22993,
26,
39,
33,
79,
27,
32,
32,
41,
35,
45,
31,
45,
30,
48,
32,
45,
31,
44,
60,
42,
45,
23313,
27,
75,
32,
42,
30,
32,
44,
44,
32,
44,
32,
38,
33,
32,
42,
44,
31,
32,
31,
33,
32,
33,
26849,
42,
30,
50,
30,
32,
33,
32,
33,
42,
31,
396,
42,
31,
32,
41,
32,
41,
50,
42,
31,
43,
25937,
39,
33,
34,
72,
43,
30,
42,
48,
30,
32,
43,
31,
45,
31,
45,
51,
30,
32,
42,
32,
44,
49,
32259,
42,
41,
32,
43,
32,
83,
31,
55,
41,
32,
30,
57,
31,
32,
28,
35,
29,
39,
35,
25862,
64,
38,
39,
38,
41,
48,
30,
32,
30,
32,
43,
41,
32,
33,
30,
33,
30,
43,
32,
41,
30,
45,
25482,
31,
31,
42,
31,
36,
29,
39,
38,
44,
31,
43,
59,
30,
31,
42,
33,
44,
31,
47,
32,
46,
25111,
42,
32,
32,
45,
33,
31,
44,
42,
31,
45,
56,
